Rocksteady_(Ninja_Turtles)
Rocksteady_(TMNT)
Rocksteady_(disambiguation)
Rocksteady_(villain)
Rocksteady_and_Bebop
Rocksteady_studios
Rocksteddy
Rockstedt
Rockstone
Rockstone_(disambiguation)
Rockstop
Rockstown_Castle
Rockstr
Rockst★r
Rocktaves
Rockthrush
Rocktigers
Rocktober
Rocktoberfest
Rockton
Rockton,_IL
Rockton,_Illinois
RocktonTownship,_Winnebago_County,_Illinois
Rockton_Airport
Rockton_Township,_Winnebago_County,_Illinois
Rocktopia
Rocktopus
Rocktronic
Rockula
Rockumentary
Rockvale
Rockvale,_CO
Rockvale,_Colorado
Rockvale,_Tennessee
Rockvale,_Tn.
Rockvale_Township,_Ogle_County,_Illinois
Rockvil
Rockvil,_South_Dakota
Rockville
Rockville,_CT
Rockville,_California
Rockville,_Connecticut
Rockville,_IA
Rockville,_IN
Rockville,_In
Rockville,_Indiana
Rockville,_Iowa
Rockville,_MD
Rockville,_MN
Rockville,_MO
Rockville,_Maryland
Rockville,_Minnesota
Rockville,_Missouri
Rockville,_NE
Rockville,_Nebraska
Rockville,_New_York
Rockville,_Ontario
Rockville,_Rhode_Island
Rockville,_SC
Rockville,_South_Carolina
Rockville,_UT
Rockville,_Ut
Rockville,_Utah
Rockville,_Virginia
Rockville,_md
Rockville-Willington_Route
Rockville_(Amtrak_station)
Rockville_(CT)
Rockville_(MD)
Rockville_(Maryland)_Police_Department
Rockville_(Maryland)_Volunteer_Fire_Department
Rockville_(Metro)
Rockville_(Metro_station)
Rockville_(Vernon)
Rockville_(Washington_Metro)
Rockville_Bridge
Rockville_Center
Rockville_Center,_NY
Rockville_Center,_New_York
Rockville_Center_Bus_Depot
Rockville_Centre
Rockville_Centre,_NY
Rockville_Centre,_New_York
Rockville_Centre,_New_York_Police_Department
Rockville_Centre_(LIRR_station)
Rockville_Centre_(NY)
Rockville_Centre_Bus_Depot
Rockville_Centre_Depot
Rockville_Centre_Police_Department
Rockville_City_Police_Department_(Maryland)
Rockville_Correctional_Facility
Rockville_Correctional_Facility_for_Women
Rockville_Express
Rockville_High_School
Rockville_High_School_(Connecticut)
Rockville_High_School_(Maryland)
Rockville_High_School_(Rockville,_Maryland)
Rockville_Historic_District_(Rockville,_Connecticut)
Rockville_Junction,_Utah
Rockville_Line
Rockville_Mall
Rockville_Pike
Rockville_Records
Rockville_Route
Rockville_Town_Center
Rockville_Township,_Illinois
Rockville_Township,_Kankakee_County,_Illinois
Rockville_Township,_MN
Rockville_Township,_Minnesota
Rockville_Township,_Stearns_County,_Minnesota
Rockville_Union_Cemetery
Rockville_and_Washington_Turnpike
Rockville_pike
Rockwalk
Rockwall
Rockwall,_TX
Rockwall,_Texas
Rockwall-Heath_High_School
Rockwall_County
Rockwall_County,_TX
Rockwall_County,_Texas
Rockwall_Heath_High_School
Rockwall_Heath_High_School_(RHHS)
Rockwall_High_School
Rockwall_High_School_(RHS)
Rockwall_ISD
Rockwall_Independent_School_District
Rockwarbler
Rockware
Rockware_(disambiguation)
Rockware_Glass
Rockwave_Festival
Rockwave_festival
Rockway,_Ontario
Rockway_Institute
Rockway_Mennonite_Collegiate
Rockway_Middle_School
Rockway_institute
Rockweed
Rockweed_Isopod
Rockweld
Rockwell
Rockwell+scale
Rockwell,_AR
Rockwell,_Arkansas
Rockwell,_IA
Rockwell,_Iowa
Rockwell,_NC
Rockwell,_North_Carolina
Rockwell-Collins
Rockwell-MBB_X-31
Rockwell-Standard
Rockwell-Standard_Corporation
Rockwell/MBB_X-31
Rockwell_(CTA)
Rockwell_(CTA_Brown_Line)
Rockwell_(IA)
Rockwell_(artist)
Rockwell_(band)
Rockwell_(keyboardist)
Rockwell_(musician)
Rockwell_(typeface)
Rockwell_AIM-65
Rockwell_Aero_Commander
Rockwell_Arena
Rockwell_Automation
Rockwell_Automation,_Inc.
Rockwell_Automation_Headquarters_and_Allen-Bradley_Clock_Tower
Rockwell_Automation_Inc.
Rockwell_Automation_Incorporated
Rockwell_B-1
Rockwell_Blake
Rockwell_Center
Rockwell_Church
Rockwell_City
Rockwell_City,_IA
Rockwell_City,_Iowa
Rockwell_College
Rockwell_Collins
Rockwell_Collins,_Inc.
Rockwell_Commander_111
Rockwell_Commander_112
Rockwell_Commander_114
Rockwell_Commander_685
Rockwell_Commander_700
Rockwell_Commander_710
Rockwell_Constant_Hardness_Rating
Rockwell_Courser_Commander
Rockwell_D._Hunt
Rockwell_Davis
Rockwell_Field
Rockwell_Field,_California
Rockwell_Gardens
Rockwell_Green
Rockwell_Group
Rockwell_Hardness_Scale
Rockwell_Hawk_Commander
Rockwell_International
Rockwell_International_Corporation
Rockwell_International_XFV-12
Rockwell_Jetprop_Commander
Rockwell_Kent
Rockwell_Lark_Commander
Rockwell_Light
Rockwell_Mixed_Pairs
Rockwell_Mound
Rockwell_OV-10B_Bronco
Rockwell_OV-10_Bronco
Rockwell_Quail_Commander
Rockwell_R._Stephens
Rockwell_Sabreliner
Rockwell_Semiconductor
Rockwell_Shrike_Commander
Rockwell_Shrike_Commander_Esquire
Rockwell_Snipe_Commander
Rockwell_Sparrow_Commander
Rockwell_Stephens
Rockwell_T-2_Buckeye
Rockwell_Thrush_Commander
Rockwell_Township,_MN
Rockwell_Township,_Minnesota
Rockwell_Township,_Norman_County,_Minnesota
Rockwell_Turbo_Commander
Rockwell_X-30
Rockwell_X-31
Rockwell_XB-70_Valkyrie
Rockwell_XFV-12
Rockwell_XFV-12A
Rockwell_blake
Rockwell_hardness
Rockwell_hardness_scale
Rockwell_hardness_test
Rockwell_scale
Rockwellesque
Rockwellian
Rockwellish
Rockwern_Academy
Rockwheel
Rockwilder
Rockwills
Rockwitz
Rockwiz
Rockwood
Rockwood,_IL
Rockwood,_Illinois
Rockwood,_MI
Rockwood,_Manitoba
Rockwood,_Michigan
Rockwood,_Ontario
Rockwood,_PA
Rockwood,_Pennsylvania
Rockwood,_TN
Rockwood,_Tennessee
Rockwood/East_188th_Avenue_Transit_Center
Rockwood/East_188th_Avenue_Transit_Center_(MAX_station)
Rockwood_(Manitoba_riding)
Rockwood_(TN)
Rockwood_(electoral_division)
Rockwood_Academy
Rockwood_Hoar
Rockwood_Lodge
Rockwood_Municipal_Airport
Rockwood_Park
Rockwood_Park,_New_York
Rockwood_Park,_Queens
Rockwood_Park,_Saint_John
Rockwood_School_District
Rockwood_Township,_Hubbard_County,_MN
Rockwood_Township,_Hubbard_County,_Minnesota
Rockwood_Township,_MN
Rockwood_Township,_Minnesota
Rockwood_Township,_Wadena_County,_MN
Rockwood_Township,_Wadena_County,_Minnesota
Rockwoods_Reservation
Rockwool
Rockworks
Rockworld.tv
Rockworld_TV
Rockwynn,_Ontario
Rocky
Rocky's_Boots
Rocky's_Bru
Rocky,_Bullwinkle,_and_Friends
Rocky,_OK
Rocky,_Oklahoma
Rocky:_Legends
Rocky:_The_Rebel
RockyHill,_Kentucky
RockyMountains
Rocky_&_Bullwinkle
Rocky_&_His_Friends
Rocky_&_Hopper
Rocky_(1981_film)
Rocky_(1987_video_game)
Rocky_(Lolo)
Rocky_(Power_Rangers)
Rocky_(comic_strip)
Rocky_(comics)
Rocky_(disambiguation)
Rocky_(film)
Rocky_(film_series)
Rocky_(movie)
Rocky_(series)
Rocky_(video_game)
Rocky_-_The_Rebel
Rocky_1,_2,_3,_and_4
Rocky_2
Rocky_3
Rocky_4
Rocky_5
Rocky_6
Rocky_Adkins
Rocky_Allan
Rocky_Allen
Rocky_Allen_Showgram
Rocky_Anderson
Rocky_Aoki
Rocky_Arbor_State_Park
Rocky_Augusta
Rocky_Balboa
Rocky_Balboa:_The_Best_of_Rocky
Rocky_Balboa_(1987_video_game)
Rocky_Balboa_(Character)
Rocky_Balboa_(character)
Rocky_Balboa_(film)
Rocky_Balboa_(video_game)
Rocky_Baptiste
Rocky_Bar
Rocky_Bar,_ID
Rocky_Bar,_Idaho
Rocky_Barton
Rocky_Bauer
Rocky_Bay
Rocky_Beach
Rocky_Bernard
Rocky_Biddle
Rocky_Bleier
Rocky_Blier
Rocky_Boiman
Rocky_Bottom,_South_Carolina
Rocky_Boy
Rocky_Boy_High_School
Rocky_Boy_Indian_Reservation
Rocky_Boys_Indian_Reservation
Rocky_Branch
Rocky_Bridges
Rocky_Brook
Rocky_Bru
Rocky_Burnette
Rocky_Butler
Rocky_Butte
Rocky_Calmus
Rocky_Cape_National_Park
Rocky_Carroll
Rocky_Castellani
Rocky_Cherry
Rocky_Colavito
Rocky_Comfort,_Missouri
Rocky_Coppinger
Rocky_Covington
Rocky_Creek_Bridge
Rocky_Creek_Bridge_(California)
Rocky_Creek_Dam
Rocky_Davis
Rocky_DeSantos
Rocky_Delgadillo
Rocky_Dennis
Rocky_Dennis_(EP)
Rocky_Dennis_In_Heaven
Rocky_Dennis_in_Heaven
Rocky_DiPietro
Rocky_Dipietro
Rocky_Donatelli
Rocky_Echevarria
Rocky_Echevarría
Rocky_Elsom
Rocky_Erickson
Rocky_Face_Fault
Rocky_Farr
Rocky_Fellers
Rocky_Fisher
Rocky_Fisher_(USAC_driver)
Rocky_Fisher_(stunt_driver)
Rocky_Flats
Rocky_Flats_National_Wildlife_Refuge
Rocky_Flats_Plant
Rocky_Flats_Truth_Force
Rocky_Ford
Rocky_Ford,_CO
Rocky_Ford,_Colorado
Rocky_Ford,_GA
Rocky_Ford,_Georgia
Rocky_Ford,_Indiana
Rocky_Ford,_North_Carolina
Rocky_Ford,_OK
Rocky_Ford,_Oklahoma
Rocky_Ford_High_School
Rocky_Fork_State_Park
Rocky_Friends
Rocky_Frisco
Rocky_Gap,_Virginia
Rocky_Gap_Resort
Rocky_Gap_State_Park
Rocky_George
Rocky_Gio
Rocky_Gorge,_New_Hampshire
Rocky_Gorge_(New_Hampshire)
Rocky_Gorge_New_Hampshire
Rocky_Gorge_Reservoir
Rocky_Gray
Rocky_Graziano
Rocky_Hager
Rocky_Harbor
Rocky_Harbour
Rocky_Harbour,_Newfoundland_and_Labrador
Rocky_Hartberg
Rocky_Hartberg_Productions
Rocky_Hill
Rocky_Hill,_CT
Rocky_Hill,_Connecticut
Rocky_Hill,_Isles_of_Scilly
Rocky_Hill,_Kentucky
Rocky_Hill,_NJ
Rocky_Hill,_New_Jersey
Rocky_Hill-Glastonbury_Ferry
Rocky_Hill_(CT)
Rocky_Hill_(NJ)
Rocky_Hill_-_Glastonbury_Ferry
Rocky_Hill_Center_Historic_District
Rocky_Hill_High_School
Rocky_Hill_Meeting_House
Rocky_Hill_Meetinghouse
Rocky_Hill_Meetinghouse_and_Parsonage
Rocky_Hill_Ultralight_Flightpark
Rocky_Horror
Rocky_Horror_Boston
Rocky_Horror_Picture_Show
Rocky_Horror_Picture_Show/Riff_Raff
Rocky_Horror_Sequels_and_other_Media
Rocky_Horror_Show
Rocky_Horror_Shows_His_Heels
Rocky_Horror_sequels_and_other_media
Rocky_Howard
Rocky_I
Rocky_II
Rocky_III
Rocky_IV
Rocky_IV_(album)
Rocky_IV_(soundtrack)
Rocky_IV_soundtrack
Rocky_Island
Rocky_Island,_Queensland
Rocky_Island_(Cork)
Rocky_Island_(Queensland)
Rocky_Island_(Wisconsin)
Rocky_Islets_National_Park
Rocky_J._Squirrel
Rocky_J._Suhayda
Rocky_Joe
Rocky_Johnson
Rocky_Jones
Rocky_Jones,_Space_Ranger
Rocky_Jones_Space_Ranger
Rocky_Juarez
Rocky_Kansas
Rocky_King
Rocky_King,_Detective
Rocky_King,_Inside_Detective
Rocky_Knob
Rocky_Knob_(AT_in_Georgia)
Rocky_Knob_(Georgia)
Rocky_Knob_AVA
Rocky_Kolb
Rocky_LaPorte
Rocky_Lane
Rocky_Legends
Rocky_Lekaj
Rocky_Lockridge
Rocky_Long
Rocky_Maivia
Rocky_Malebane-Metsing
Rocky_Marciano
Rocky_Marquette
Rocky_Marshall
Rocky_Marval
Rocky_Marvel
Rocky_Mattioli
Rocky_McIntosh
Rocky_Miller_Park
Rocky_Montana
Rocky_Moran
Rocky_Morton
Rocky_Mound
Rocky_Mound,_TX
Rocky_Mound,_Texas
Rocky_Mount
Rocky_Mount,_Missouri
Rocky_Mount,_NC
Rocky_Mount,_NC_MSA
Rocky_Mount,_NC_Metropolitan_Area
Rocky_Mount,_NC_metropolitan_area
Rocky_Mount,_NC_metropolitan_statistical_area
Rocky_Mount,_North_Carolina
Rocky_Mount,_North_Carolina_Metropolitan_Area
Rocky_Mount,_North_Carolina_Metropolitan_Statistical_Area
Rocky_Mount,_North_Carolina_metropolitan_area
Rocky_Mount,_North_Carolina_metropolitan_statistical_area
Rocky_Mount,_Tennessee
Rocky_Mount,_VA
Rocky_Mount,_Virginia
Rocky_Mount-Wilson_Airport
Rocky_Mount-Wilson_Regional_Airport
Rocky_Mount_(Amtrak_station)
Rocky_Mount_Airport
Rocky_Mount_Athletic_Complex
Rocky_Mount_High_School
Rocky_Mount_Instruments
Rocky_Mount_MSA
Rocky_Mount_Metropolitan_Area
Rocky_Mount_Metropolitan_Statistical_Area
Rocky_Mount_Mills
Rocky_Mount_Museum
Rocky_Mount_Regional_Airport
Rocky_Mount_Youth_Area_Soccer_Association
Rocky_Mount_metropolitan_area
Rocky_Mount_metropolitan_statistical_area
Rocky_Mountain
Rocky_Mountain,_OK
Rocky_Mountain,_Oklahoma
Rocky_Mountain_(Fannin_County,_Georgia)
Rocky_Mountain_(Georgia)
Rocky_Mountain_(Gilmer_County,_Georgia)
Rocky_Mountain_(Lumpkin_County,_Georgia)
Rocky_Mountain_(New_York)
Rocky_Mountain_(Rabun_County,_Georgia)
Rocky_Mountain_(Rockbridge_County,_Virginia)
Rocky_Mountain_(Towns_County,_Georgia)
Rocky_Mountain_(Ulster_County,_New_York)
Rocky_Mountain_(Union_County,_Georgia)-1
Rocky_Mountain_(Union_County,_Georgia)-2
Rocky_Mountain_(Union_County,_Georgia)-3
Rocky_Mountain_(White_County,_Georgia)
Rocky_Mountain_(company)
Rocky_Mountain_(disambiguation)
Rocky_Mountain_(electoral_district)
Rocky_Mountain_(provincial_electoral_district)
Rocky_Mountain_Airport
Rocky_Mountain_Airways
Rocky_Mountain_Arsenal
Rocky_Mountain_Arsenal_NWR
Rocky_Mountain_Arsenal_National_Recreation_Trail
Rocky_Mountain_Arsenal_National_Recreation_Trails
Rocky_Mountain_Arsenal_National_Refuge
Rocky_Mountain_Arsenal_National_Wildlife_Refuge
Rocky_Mountain_Association_of_Geologists
Rocky_Mountain_Athletic_Conference
Rocky_Mountain_BASIC
Rocky_Mountain_Basic
Rocky_Mountain_Beeplant
Rocky_Mountain_Bighorn_Sheep
Rocky_Mountain_Biological_Laboratory
Rocky_Mountain_Bird_Observatory
Rocky_Mountain_Bristlecone_Pine
Rocky_Mountain_Chocolate
Rocky_Mountain_Chocolate_Factory
Rocky_Mountain_Christmas
Rocky_Mountain_Club
Rocky_Mountain_College
Rocky_Mountain_College,_Calgary
Rocky_Mountain_College_(Calgary)
Rocky_Mountain_College_of_Art_and_Design
Rocky_Mountain_Collegian
Rocky_Mountain_Columbine
Rocky_Mountain_Conservatory_Theatre
Rocky_Mountain_Council
Rocky_Mountain_Cup
Rocky_Mountain_Dinosaur_Resource_Center
Rocky_Mountain_District
Rocky_Mountain_District_(LCMS)
Rocky_Mountain_Douglas-fir
Rocky_Mountain_Douglas_Fir
Rocky_Mountain_Douglas_fir
Rocky_Mountain_EAA_Regional_Fly-In
Rocky_Mountain_Elementary_School
Rocky_Mountain_Elk
Rocky_Mountain_Elk_Foundation
Rocky_Mountain_Empire
Rocky_Mountain_Faculty_Athletic_Conference
Rocky_Mountain_Fir
Rocky_Mountain_Floristic_Province
Rocky_Mountain_Front
Rocky_Mountain_Fur_Company
Rocky_Mountain_Goat
Rocky_Mountain_Gun_Owners
Rocky_Mountain_High
Rocky_Mountain_High_(album)
Rocky_Mountain_High_School
Rocky_Mountain_High_School_(Fort_Collins,_Colorado)
Rocky_Mountain_High_School_(Wyoming)
Rocky_Mountain_High_School_-_Byron_Wyoming
Rocky_Mountain_Holdings,_LLC
Rocky_Mountain_Holiday
Rocky_Mountain_Horse
Rocky_Mountain_House
Rocky_Mountain_House,_AB
Rocky_Mountain_House,_Alberta
Rocky_Mountain_House_(electoral_district)
Rocky_Mountain_House_Airport
Rocky_Mountain_Institute
Rocky_Mountain_Jam
Rocky_Mountain_Junior_Hockey_League
Rocky_Mountain_Juniper
Rocky_Mountain_Lacrosse_League
Rocky_Mountain_League_(baseball)
Rocky_Mountain_Locust
Rocky_Mountain_Maple
Rocky_Mountain_Metropolitan_Airport
Rocky_Mountain_Middle_School
Rocky_Mountain_National_Park
Rocky_Mountain_National_Park_Administration_Building
Rocky_Mountain_News
Rocky_Mountain_Oyster
Rocky_Mountain_Oysters
Rocky_Mountain_PBS
Rocky_Mountain_Power
Rocky_Mountain_Province
Rocky_Mountain_Radar
Rocky_Mountain_Rage
Rocky_Mountain_Rail_Society
Rocky_Mountain_Rangers
Rocky_Mountain_Region
Rocky_Mountain_Research_Station
Rocky_Mountain_Revue
Rocky_Mountain_Rocket
Rocky_Mountain_Roller_Hockey_Association
Rocky_Mountain_Roller_Hockey_Association_(RMCRHA)
Rocky_Mountain_Showdown
Rocky_Mountain_Spotted_Fever
Rocky_Mountain_States
Rocky_Mountain_Synod
Rocky_Mountain_System
Rocky_Mountain_Talent_Search
Rocky_Mountain_Thunder
Rocky_Mountain_Toad
Rocky_Mountain_Trench
Rocky_Mountain_Trophy_Hunter
Rocky_Mountain_Way
Rocky_Mountain_Wolf
Rocky_Mountain_Wood_Tick
Rocky_Mountain_Wood_tick
Rocky_Mountain_bee_plant
Rocky_Mountain_beeplant
Rocky_Mountain_beeweed
Rocky_Mountain_bighorn_sheep
Rocky_Mountain_capshell
Rocky_Mountain_elk
Rocky_Mountain_goat
Rocky_Mountain_juniper
Rocky_Mountain_locust
Rocky_Mountain_maple
Rocky_Mountain_oyster
Rocky_Mountain_oysters
Rocky_Mountain_penstemon
Rocky_Mountain_region
Rocky_Mountain_ruby
Rocky_Mountain_semester
Rocky_Mountain_sheep
Rocky_Mountain_spotted_fever
Rocky_Mountain_subalpine_zone
Rocky_Mountain_wood_tick
Rocky_Mountaineer
Rocky_Mountains
Rocky_Mountains_Athletic_Conference
Rocky_Mountains_Bristlecone_Pine
Rocky_Mountains_National_Park
Rocky_Mountains_Park_Act
Rocky_Mountains_Showdown
Rocky_Mountains_Subalpine_Fir
Rocky_Mountains_White_Fir
Rocky_Mountains_subalpine_zone
Rocky_Neck
Rocky_Neck_State_Park
Rocky_Nelson
Rocky_O'Brien
Rocky_Pass
Rocky_Patel_Premium_Cigars
Rocky_Paths
Rocky_Peak
Rocky_Peak_Ridge
Rocky_Peeters
Rocky_Point
Rocky_Point,_Long_Island
Rocky_Point,_MT
Rocky_Point,_Montana
Rocky_Point,_NC
Rocky_Point,_New_South_Wales
Rocky_Point,_New_York
Rocky_Point,_North_Carolina
Rocky_Point,_Oklahoma
Rocky_Point,_Sonora
Rocky_Point,_Tampa,_Florida
Rocky_Point,_Virginia
Rocky_Point_(Massachusetts)
Rocky_Point_(Plymouth,_Massachusetts)
Rocky_Point_Amusement_Park
Rocky_Point_Golf_Course
Rocky_Point_High_School
Rocky_Point_Holiday
Rocky_Point_Island,_Queensland
Rocky_Point_Island_(Queensland)
Rocky_Point_Middle_School
Rocky_Point_Park
Rocky_Pollack
Rocky_Pond_(Plymouth,_Massachusetts)
Rocky_Raccoon
Rocky_Racoon
Rocky_Raczkowski
Rocky_Rasley
Rocky_Reach_Dam
Rocky_Reach_dam
Rocky_Ridge
Rocky_Ridge,_Calgary
Rocky_Ridge,_Missouri
Rocky_Ridge,_OH
Rocky_Ridge,_Ohio
Rocky_Ridge,_UT
Rocky_Ridge,_Utah
Rocky_Ridge,_VA
Rocky_Ridge,_Virginia
Rocky_Ripple
Rocky_Ripple,_IN
Rocky_Ripple,_In
Rocky_Ripple,_Indiana
Rocky_Ripple,_Marion,_IN
Rocky_Ripple,_Marion,_Indiana
Rocky_Ripple,_Marion_County,_IN
Rocky_Ripple,_Marion_County,_Indiana
Rocky_River
Rocky_River,_New_South_Wales
Rocky_River,_New_Zealand
Rocky_River,_OH
Rocky_River,_Oh
Rocky_River,_Ohio
Rocky_River-Berea_Road
Rocky_River_(Alaska)
Rocky_River_(Connecticut)
Rocky_River_(Michigan)
Rocky_River_(New_South_Wales)
Rocky_River_(New_Zealand)
Rocky_River_(North_Carolina)
Rocky_River_(Ohio)
Rocky_River_(South_Carolina)
Rocky_River_(Tennessee)
Rocky_River_Frog
Rocky_River_High_School
Rocky_Road
Rocky_Road_(disambiguation)
Rocky_Road_Candy
Rocky_Road_Cereal
Rocky_Road_Records
Rocky_Road_To_Dublin
Rocky_Road_ice_cream
Rocky_Road_to_Dublin
Rocky_Road_to_Dublin_(film)
Rocky_Roccoco
Rocky_Rococo
Rocky_Rodent
Rocky_Roe
Rocky_Romero
Rocky_Run_Middle_School
Rocky_Run_Township,_Hancock_County,_Illinois
Rocky_Saganiuk
Rocky_Sassoon
Rocky_Saugeen,_Ontario
Rocky_Scarlet
Rocky_Schenck
Rocky_Schwartz
Rocky_Sekorski
Rocky_Seto
Rocky_Sharpe
Rocky_Sharpe_and_the_Replays
Rocky_Siberie
Rocky_Slabb
Rocky_Spring_Run
Rocky_Spring_Run_(Pennsylvania)
Rocky_Springs_Segment_of_the_Whoop-Up_Trail
Rocky_Spruit
Rocky_Steps
Rocky_Stone
Rocky_Suhayda
Rocky_Sullivan
Rocky_Sullivan's
Rocky_Super_Action_Boxing
Rocky_Super_Action_Boxing_(80s)
Rocky_Super_Action_Boxing_(video_game)
Rocky_The_Baby_Kangaroo_Joey
Rocky_Thompson
Rocky_Thompson_(disambiguation)
Rocky_Thompson_(golfer)
Rocky_Took_a_Lover
Rocky_Top
Rocky_Top,_TN
Rocky_Top,_Tennessee
Rocky_Trimarchi
Rocky_Trottier
Rocky_V
Rocky_VI
Rocky_VI_(1986_film)
Rocky_VI_(short_film)
Rocky_V_(Album)
Rocky_V_(album)
Rocky_Valley
Rocky_Valley_Dam
Rocky_Versace
Rocky_View
Rocky_View,_Alberta
Rocky_View_MD
Rocky_View_No._44,_Alberta
Rocky_Vista
Rocky_Vista_University
Rocky_Vista_University_College_of_Osteopathic_Medicine
Rocky_Votolato
Rocky_Williform
Rocky_Wirtz
Rocky_Wood
Rocky_Wrenches
Rocky_X_Hopper
Rocky_and_Bullwinkle
Rocky_and_Bullwinkle_(movie)
Rocky_and_Bullwinkle_(video_game)
Rocky_and_Bullwinkle_Show
Rocky_and_Bulwinkle
Rocky_and_Bulwinkle_Show
Rocky_and_His_Friends
Rocky_and_Mugsy
Rocky_and_bullwinkle
Rocky_and_bullwinkle_show
Rocky_and_the_Dodos
Rocky_balboa
Rocky_bottom,_sc
Rocky_erikson
Rocky_gorge_reservoir
Rocky_hartberg
Rocky_hill_ferry
Rocky_hollow
Rocky_horror_picture_show
Rocky_ii
Rocky_iv
Rocky_midget
Rocky_midgets
Rocky_mountain
Rocky_mountain_biological_laboratory
Rocky_mountain_bird_observatory
Rocky_mountain_capshell
Rocky_mountain_goat
Rocky_mountain_high_school
Rocky_mountain_maple
Rocky_mountain_oyster
Rocky_mountain_oysters
Rocky_mountain_semester
Rocky_mountain_spotted_fever
Rocky_mountain_whitefish
Rocky_mountain_wood_tick
Rocky_mountains
Rocky_peak
Rocky_planet
Rocky_pond_(plymouth,_massachusetts)
Rocky_road
Rocky_road_ice_cream
Rocky_shore
Rocky_statue
Rocky_suhayda
Rocky_the_Breakdown_Crane
Rocky_the_Bull
Rocky_the_Flying_Squirrel
Rocky_the_Red_Hawk
Rocky_the_Squirrel
Rocky_the_bear
Rocky_vi
Rocky_williform
Rockybru
Rockyford,_Alberta
Rockyford_Airport
Rockyhock,_North_Carolina
Rockyview_General_Hospital
Rockzilla
Rockódromo
Rock’n_Roll_Wolf
Rock’n_Roll_Wolves
Rocles
Rocles,_Allier
Rocles,_Ardèche
Rocles,_Lozere
Rocles,_Lozère
Roclincourt
Roco
Rococco
Rococo
Rococo_(architecture)
Rococo_(band)
Rococo_(club)
Rococo_(disambiguation)
Rococo_(music)
Rococo_Furniture_Style
Rococo_Style
Rococo_Toad
Rococo_Variations
Rococo_Variations_(ballet)
Rococo_architecture
Rococo_architecture_in_Portugal
Rococo_furniture_style
Rococo_in_Portugal
Rococo_variations
Rocococamp
Rococò
Rocor
Rocori_High_School
Rocori_High_School_killing
Rocori_High_School_killings
Rocori_High_School_massacre
Rocori_High_School_murder
Rocori_High_School_murders
Rocori_High_School_shooting
Rocori_High_School_shootings
Rocori_high_school
Rocori_high_school_shooting
Rocos_Modern_Life
Rocosgen
Rocotillo_Pepper
Rocoto
Rocourt
Rocourt,_Jura
Rocourt,_Switzerland
Rocourt,_Vosges
Rocourt-Saint-Martin
Rocourt_(Jura)
Rocourt_JU
Rocquancourt
Rocque_Wun
Rocquefort
Rocquemont
Rocquemont,_Oise
Rocquemont,_Seine-Maritime
Rocquencourt
Rocquencourt,_Oise
Rocques
Rocquet
Rocquigny
Rocquigny,_Aisne
Rocquigny,_Ardennes
Rocquigny,_Pas-de-Calais
Rocrail
Rocroi
Rocroy
Rocsi
Rocsta
Roctober
Roctum
Roctumania
Rocuronium
Rocuronium_bromide
Rocy_and_Bullwinkle
Roczyny
Rocé
Rocío_Carrasco
Rocío_Cárdenas
Rocío_Durcal
Rocío_Dúrcal
Rocío_Garcel
Rocío_González
Rocío_Guirao_Díaz
Rocío_Jurado
Rocío_Lara
Rocío_Mohedano_Jurado
Rocío_Prado
Rocío_Urquijo
Rocío_Ybarra
Rocío_de_La_Mancha
Rod
Rod's_Pot
Rod,_Jane_and_Freddy
Rod,_Sibiu
Rod-actuated_brake
Rod-ride_merger
Rod-shaped
RodRageous
Rod_(Avenue_Q)
Rod_(alien)
Rod_(area)
Rod_(biology)
Rod_(cell)
Rod_(cryptozoology)
Rod_(disambiguation)
Rod_(eye)
Rod_(geometry)
Rod_(god)
Rod_(length)
Rod_(mythology)
Rod_(retina)
Rod_(shaft)
Rod_(switch)
Rod_(unit)
Rod_Abernethy
Rod_Aldridge
Rod_Allen
Rod_Allen_(advertising_executive)
Rod_Allen_(baseball)
Rod_Allen_(singer)
Rod_Amateau
Rod_Anderson
Rod_Anderson_(writer)
Rod_Ansell
Rod_Argent
Rod_Arthur
Rod_Ashman
Rod_Atkinson
Rod_Austin
Rod_Babers
Rod_Baker
Rod_Barajas
Rod_Barnes
Rod_Barry
Rod_Beattie
Rod_Beck
Rod_Beckstrom
Rod_Belfitt
Rod_Benson
Rod_Bernard
Rod_Bernstine
Rod_Black
Rod_Blackmore
Rod_Blagojevic
Rod_Blagojevich
Rod_Blagoyevich
Rod_Blake
Rod_Bloomfield
Rod_Bohorquez
Rod_Booker
Rod_Bradley
Rod_Brasfield
Rod_Breedlove
Rod_Brind'Amour
Rod_Brindamour
Rod_Brind’Amour
Rod_Broadway
Rod_Brock
Rod_Brooks
Rod_Brown
Rod_Brown_of_the_Rocket_Rangers
Rod_Bruinooge
Rod_Bryden
Rod_Burstall
Rod_Burton
Rod_Buskas
Rod_Butterss
Rod_Calloway
Rod_Cameron
Rod_Campbell
Rod_Canion
Rod_Carew
Rod_Carter
Rod_Cason
Rod_Chandler
Rod_Clarke
Rod_Clement
Rod_Clements
Rod_Cless
Rod_Coleman
Rod_Coleman_(motorcycle_racer)
Rod_Connop
Rod_Coombes
Rod_Corkhill
Rod_Coronado
Rod_Correia
Rod_Craig
Rod_Crewther
Rod_Cross
Rod_Curl
Rod_Dallman
Rod_Daniels
Rod_Davies
Rod_Davis
Rod_Davis_(yachting)
Rod_De_Khors
Rod_Dedeaux
Rod_Dixon
Rod_Donald
Rod_Dowhower
Rod_Dreher
Rod_Drury
Rod_Dyachenko
Rod_Eddington
Rod_El_Farag
Rod_El_farag
Rod_Elfarag
Rod_Ellingworth
Rod_Ellis
Rod_Espinosa
Rod_Espinoza
Rod_Evans
Rod_Eyot
Rod_Fanni
Rod_Farva
Rod_Ferrell
Rod_Finnie
Rod_Flaman
Rod_Flanders
Rod_Flett
Rod_Fong
Rod_Fontana
Rod_Foster
Rod_Foxx
Rod_Franz
Rod_Frawley
Rod_Froelich
Rod_From_Avenue_Q
Rod_Funseth
Rod_Gallowglass
Rod_Galt
Rod_Gantefoer
Rod_Gardner
Rod_Garossino
Rod_Gaspar
Rod_Gilbert
Rod_Gilbreath
Rod_Gilfry
Rod_Gilmore
Rod_Gonsalves-Quesnel
Rod_Gonzalez
Rod_Graber
Rod_Grams
Rod_Graves
Rod_Griffin
Rod_Griffith
Rod_Grinter
Rod_Grizzard
Rod_Hall
Rod_Hall_(racer)
Rod_Harper
Rod_Harrington
Rod_Harris
Rod_Hart
Rod_Heeps
Rod_Hemsell
Rod_Higgins
Rod_Hill
Rod_Hoffmann
Rod_Holcomb
Rod_Hood
Rod_Houison
Rod_Howell
Rod_Hui
Rod_Hull
Rod_Hull_and_Emu
Rod_Humble
Rod_Hundley
Rod_I._McAllister
Rod_I_McAllister
Rod_Jackson
Rod_Jameson
Rod_Jane_&_Freddy
Rod_Jensen
Rod_Jensen_(basketball_coach)
Rod_Jetton
Rod_Johnson_(footballer)
Rod_Jones
Rod_Jones_(American_football)
Rod_Jones_(Musician)
Rod_Jones_(disambiguation)
Rod_Jones_(football_player)
Rod_Jones_(musician)
Rod_Jones_(offensive_lineman)
Rod_Jory
Rod_Kafer
Rod_Kanehl
Rod_Keenan
Rod_Keller
Rod_Kemp
Rod_Kenyon
Rod_Keogh
Rod_Korns
Rod_Kush
Rod_L._Evans
Rod_LaRocque
Rod_La_Rocque
Rod_Lane
Rod_Langway
Rod_Laporte
Rod_Latham
Rod_Lauren
Rod_Laver
Rod_Laver_Arena
Rod_Lawler
Rod_Lee
Rod_Lester-Smith
Rod_Levitt
Rod_Liddle
Rod_Little
Rod_Lorrain
Rod_Lousich
Rod_Love
Rod_Loves_You
Rod_Lurie
Rod_Lyon
Rod_MacDonald
Rod_MacKinnon
Rod_MacQueen
Rod_Macqueen
Rod_Majors
Rod_Marinelli
Rod_Markin
Rod_Marsh
Rod_Martin
Rod_McAllister
Rod_McCall
Rod_McCurdy
Rod_McDonald
Rod_McGregor
Rod_McKie
Rod_McKuen
Rod_McLean
Rod_McQueen
Rod_McSwain
Rod_Michael_Koch
Rod_Michano
Rod_Milburn
Rod_Millen
Rod_Millen_Motorsport
Rod_Millen_Motorsports
Rod_Miller
Rod_Miller_(baseball)
Rod_Milstead
Rod_Morgan
Rod_Morgenstein
Rod_Morris
Rod_Mullinar
Rod_Murphy
Rod_Nash_Racing
Rod_Nichols
Rod_Norman
Rod_O'Loan
Rod_Olsson
Rod_Oram
Rod_Osterlund
Rod_O’Loan
Rod_Pacheco
Rod_Page
Rod_Paige
Rod_Palmer
Rod_Pampling
Rod_Pardey
Rod_Pardey_Jr
Rod_Pardey_Jr.
Rod_Pardey_Sr
Rod_Pardey_Sr.
Rod_Parsley
Rod_Payne
Rod_Pead
Rod_Pearson
Rod_Peate
Rod_Pelley
Rod_Pelly
Rod_Perry
Rod_Petrie
Rod_Phillips
Rod_Phillips_(porn_star)
Rod_Piazza
Rod_Piazza_&_The_Mighty_Flyers
Rod_Piazza_and_the_Mighty_Flyers
Rod_Picott
Rod_Price
Rod_Quantoc
Rod_Quantock
Rod_Quantok
Rod_Qwantoc
Rod_Qwantock
Rod_Qwantok
Rod_R._Blagojevich
Rod_Rageous
Rod_Randle
Rod_Raynor_Paige
Rod_Reddy
Rod_Reisman
Rod_Richards
Rod_River
Rod_Robbie
Rod_Robby
Rod_Roberts
Rod_Roddenberry
Rod_Roddy
Rod_Rohrich
Rod_Rosenbladt
Rod_Ross
Rod_Rowland
Rod_Rust
Rod_Rutherford
Rod_Rutledge
Rod_Sawford
Rod_Schutt
Rod_Scribner
Rod_Scurry
Rod_Seiling
Rod_Serling
Rod_Serling's_Devils_and_Demons
Rod_Serling's_Lost_Classics
Rod_Serling's_Triple_W:_Witches,_Warlocks_and_Werewolves
Rod_Sharp
Rod_Sharpe
Rod_Sherman
Rod_Shoate
Rod_Silva
Rod_Smallwood
Rod_Smart
Rod_Smith
Rod_Smith_(American_football)
Rod_Smith_(NFL_football)
Rod_Smith_(R/C_modeling_pioneer)
Rod_Smith_(defensive_back)
Rod_Smith_(disambiguation)
Rod_Smith_(football_player)
Rod_Smith_(poet)
Rod_Smith_(poet/editor)
Rod_Smith_(poet/publisher)
Rod_Smith_(politician)
Rod_Smith_(sportscaster)
Rod_Smylie
Rod_Snow
Rod_Steiger
Rod_Stephens
Rod_Stephenson
Rod_Sterling
Rod_Steward
Rod_Stewart
Rod_Stewart_Discography
Rod_Stewart_discography
Rod_Stoner
Rod_Strachan
Rod_Strickland
Rod_Strong
Rod_Strunk
Rod_Stuart
Rod_Summers
Rod_Sweetman
Rod_Sykes
Rod_T._Argent
Rod_Taylor
Rod_Taylor_(actor)
Rod_Taylor_(singer)
Rod_Temperton
Rod_Terence_Argent
Rod_Thomas
Rod_Thomas_(English_footballer)
Rod_Thomas_(footballer)
Rod_Thomas_(footballer_born_1970)
Rod_Thomson
Rod_Thorn
Rod_Tidwell
Rod_Torfleson's_Armada_featuring_Herman_Menderchuck
Rod_Trafford
Rod_Trongard
Rod_Tucker
Rod_Tyler
Rod_Underhill
Rod_Ungdom_(Norway)
Rod_Usher
Rod_Valgallianse
Rod_Vanier
Rod_Waddell
Rod_Wallace
Rod_Walters
Rod_Warren
Rod_Webb
Rod_Welford
Rod_White
Rod_Willard
Rod_Williams
Rod_Wilson
Rod_Wilson_(disambiguation)
Rod_Wishart
Rod_Woodson
Rod_Wright
Rod_You
Rod_Young
Rod_Zaine
Rod_Zimmer
Rod_and_Emu
Rod_and_Todd
Rod_and_Todd_Flanders
Rod_bartlett
Rod_berger
Rod_booker
Rod_brindamour
Rod_brown_of_the_rocket_rangers
Rod_calculus
Rod_cell
Rod_cells
Rod_dallman
Rod_davies
Rod_end_bearing
Rod_foster
Rod_gilbreath
Rod_hoffmann
Rod_humble
Rod_iron
Rod_jackson
Rod_levitt
Rod_mcallister
Rod_mckuen
Rod_monochromacy
Rod_monochromatism
Rod_myopathy
Rod_numerals
Rod_of_Aaron
Rod_of_Aesclepius
Rod_of_Asclepius
Rod_of_Law
Rod_of_Rassilon
Rod_of_Seven_Parts
Rod_of_asclepius
Rod_outer_segment
Rod_parsley
Rod_pump
Rod_puppet
Rod_puppets
Rod_richards
Rod_sheath
Rod_sno
Rod_steiger
Rod_the_tv
Rod_traungard
Rod_trondgard
Rod_tronguard
Rod_♥_You
Roda
Roda,_Portugal
Roda,_Punjab
Roda-Gil
Roda_(Punjab)
Roda_(art)
Roda_Antar
Roda_Codex
Roda_Gil
Roda_J.C.
Roda_JC
Roda_JC_(Kerkrade)
Roda_JC_Kerkrade
Roda_Kerkrade
Roda_Roda
Roda_Rummet
Roda_Sport
Roda_antar
Roda_bonor
Roda_codex
Roda_de_Barà
Roda_de_Bará
Roda_de_Eresma
Roda_de_Eresma,_Segovia
Roda_de_Eresma,_Spain
Roda_de_Isabena
Roda_de_Isábena
Roda_de_Ter
Roda_jc
Rodach
Rodach,_Germany
Rodadero_Aquarium
Rodaki
Rodalbe
Rodalben
Rodalben_(Verbandsgemeinde)